✅ Daily activity: Sat Jul 19 05:19:05 UTC 2025
✅ Daily activity: Sun Jul 20 05:28:04 UTC 2025
✅ Daily activity: Mon Jul 21 05:30:14 UTC 2025
✅ Daily activity: Tue Jul 22 05:28:05 UTC 2025
✅ Daily activity: Wed Jul 23 05:30:50 UTC 2025
✅ Daily activity: Thu Jul 24 05:28:51 UTC 2025
✅ Daily activity: Fri Jul 25 05:30:20 UTC 2025
✅ Daily activity: Sat Jul 26 05:25:38 UTC 2025
✅ Daily activity: Sun Jul 27 05:28:28 UTC 2025
✅ Daily activity: Mon Jul 28 05:31:33 UTC 2025
✅ Daily activity: Tue Jul 29 05:32:01 UTC 2025
✅ Daily activity: Wed Jul 30 05:32:05 UTC 2025
✅ Daily activity: Thu Jul 31 05:29:57 UTC 2025
✅ Daily activity: Fri Aug  1 05:33:43 UTC 2025
✅ Daily activity: Sat Aug  2 05:26:38 UTC 2025
✅ Daily activity: Sun Aug  3 05:29:50 UTC 2025
✅ Daily activity: Mon Aug  4 05:38:36 UTC 2025
✅ Daily activity: Tue Aug  5 05:32:21 UTC 2025
✅ Daily activity: Wed Aug  6 05:33:03 UTC 2025
✅ Daily activity: Thu Aug  7 05:31:36 UTC 2025
✅ Daily activity: Fri Aug  8 05:31:16 UTC 2025
✅ Daily activity: Sat Aug  9 05:22:45 UTC 2025
✅ Daily activity: Sun Aug 10 05:26:25 UTC 2025
✅ Daily activity: Mon Aug 11 05:30:33 UTC 2025
